Group,Qty,Part,Description,Manufacturer,MPN,LCSC,Stock,EUR ea,EUR total,Source,Note
LCSC,2,100nF,Capacitor 100nF 50V X7R 1206,Samsung,CL31B104KBCNNNC,C24497,hoch,0.023,0.05,https://www.lcsc.com/product-detail/C24497.html,"1206 is a large package for 100 nF, hence 2.3 cents rather than a fraction of that. Nothing cheaper exists here: YAGEO CC1206KRX7R9BB104 (C82601) costs 0.037 EUR. Over a million in stock."
LCSC,1,22uF 3V3 bulk,Capacitor 22uF 6.3V X5R 1206,Samsung,CL31A226MQHNNNE,C159757,23.140,0.129,0.13,https://www.lcsc.com/product-detail/C159757.html,"Half the price of the 25 V part (C12891, 0.24 EUR) for the same job. 6.3 V on a 3.3 V rail is roughly a factor of two margin, normal for X5R. Worth knowing: ceramics lose capacitance under DC bias, a 6.3 V part at 3.3 V keeps about half, so 11 to 13 uF rather than 22. Ample for holding up the rail when three transceivers key at once. For the full 22 uF take C12891 (25 V, keeps about 85 %) and pay 12 cents more."
LCSC,1,1000uF 35V,"Electrolytic 1000uF 35V radial, D13 x L20, 5 mm pitch",Chengx,KM108M035J20RR0VH2FP0,C10749,48.810,0.171,0.17,https://www.lcsc.com/product-detail/C10749.html,
LCSC,1,74AHCT541 pixel buffer,"Octal buffer 74HCT541, PDIP-20, 300 mil",Texas Instruments,SN74HCT541N,,marketplace,1.5,1.5,https://shop.schukat.com/Texas-Instruments/SN74HCT541N/p/37554,"AHCT or HCT, both have TTL input thresholds (VIH 2.0 V) and therefore switch reliably from the 3.3 V of the ESP32. The only difference is propagation delay, roughly 6 against 14 ns, irrelevant at 1250 ns per WS281x bit. LCSC does not stock the AHCT part in DIP, hence the marketplace sources. Which other types work and which do not is below."
LCSC,1,MF-R 30V,"Polyfuse Bourns MF-R500, 30 V, 5 A hold / 10 A trip, 10.2 mm pitch",Bourns,MF-R500,C208489,644,0.419,0.42,https://www.lcsc.com/product-detail/C208489.html,"The largest that fits the current placement: body 17.4 x 3.0 mm, 3.8 mm clear of the 1000uF can. Sits in the left and right hole (10.2 mm pitch). The MF-R900 (9 A, C208493) is the largest of the series but its body is 24.2 mm and would come within 0.40 mm of the can; both parts stand 20 to 25 mm tall. MF-RHT and MF-RG are 16 V parts above 1 A and unusable on 24 V."
LCSC,5,10k ETH_CS pu / 10k ETH_RST pu / 10k dir,Resistor 10k 1206 1%,UNI-ROYAL,1206W4F1002T5E,C17902,204.500,0.018,0.09,https://www.lcsc.com/product-detail/C17902.html,
LCSC,3,120R term,Resistor 120R 1206 1%,UNI-ROYAL,1206W4F1200T5E,,?,0.004,0.01,,"Same series as the verified 10k. The C number could not be confirmed by search, look up the manufacturer part number on LCSC."
LCSC,6,330R bias+ / 330R bias-,Resistor 330R 1206 5% (fail-safe bias),UNI-ROYAL,1206W4J0331T5E,C25374,79.100,0.012,0.07,https://www.lcsc.com/product-detail/Chip-Resistor-Surface-Mount_Uniroyal-Elec-1206W4J0331T5E_C25374.html,"Fail-safe bias on a 3.3 V bus needs more than 200 mV idle differential. With two terminators (60 R, the normal case once this board is the controller at one end) 330 R gives 275 mV, 470 R only 198 mV. Anything from 270 R to 430 R works, see the table. Bus loading 4.6 mA, which no RS-485 driver cares about, and 5 % tolerance is irrelevant for a bias resistor. The land takes anything from 0402 to 1206: copper runs 0.30 to 2.30 mm off centre, so every end cap lands on it, an 0402's at 0.25 to 0.50 as much as a 1206's at 1.10 to 1.60. The 390R that only exists in 0805 therefore goes in without any trickery."
LCSC,1,12-24V IN 24A,"Screw terminal, 2 pole, 5.08 mm pitch, 24 A",Cixi Kefa,KF128-5.08-2P-AA,C474952,63.515,0.177,0.18,https://www.lcsc.com/product-detail/C474952.html,
LCSC,5,PIXn V+/DATA/GND,"Screw terminal, 3 pole, 5.08 mm pitch",Cixi Kefa,KF128-5.08-3P-AA,C474953,16.545,0.175,0.88,https://lcsc.com/product-detail/Screw-terminal_Cixi-Kefa-Elec-KF128-5-08-3P-AA_C474953.html,
LCSC,6,TVS bidir,"TVS bidirectional SMF12CA, SOD-123FL, 12 V standoff, 200 W",Jingdao Microelectronics,SMF12CA,C353317,184.100,0.022,0.13,https://lcsc.com/product-detail/TVS_Shandong-Jingdao-Microelectronics-SMF12CA_C353317.html,"The land is universal: copper runs from 0.30 to 2.90 mm off centre, so SOD-123, SOD-123F, SOD-123FL, DO-214AC (SMA) and a plain 1206 all sit on it. SMF12CA in SOD-123FL is the cheap default. SMAJ12CA in SMA is the same diode at 400 W instead of 200 W, same 12 V standoff and the same breakdown window, and its feet reach 2.80 mm so it now lands properly rather than hanging off the end. VRWM 12 V, so it does not conduct at the +12 V common mode RS-485 allows, VBR 14.7 V, clamps at 19.9 V with 10 A. Two per port, A and B to GND. A varistor is no substitute, it would not clamp until about 40 V."
ebay,1,74AHCT541 pixel buffer,"Octal buffer 74HCT541, PDIP-20, 300 mil",,,,,approx. 1-2 EUR ea,,https://www.ebay.com/itm/334274626871,"SN74HCT541N, DIP-20, Texas"
ebay,1,74AHCT541 pixel buffer,"Octal buffer 74HCT541, PDIP-20, 300 mil",,,,,approx. 5-8 EUR / 5 pcs,,https://www.ebay.com/itm/392631683671,5 x SN74HCT541N DIP-20
ebay,1,74AHCT541 pixel buffer,"Octal buffer 74HCT541, PDIP-20, 300 mil",,,,,volume price,,https://www.ebay.com/itm/235008609678,100 x SN74HCT541N DIP-20
amazon,1,74AHCT541 pixel buffer,"Octal buffer 74HCT541, PDIP-20, 300 mil",,,,,approx. 2-4 EUR ea,,https://www.amazon.com/INSTRUMENTS-SN74HCT541N-INVERTING-BUFFER-DIP-20/dp/B00LQQBFTC,"TI SN74HCT541N, DIP-20"
distributor,1,74AHCT541 pixel buffer,"Octal buffer 74HCT541, PDIP-20, 300 mil",,,,,stocked,,https://shop.schukat.com/Texas-Instruments/SN74HCT541N/p/37554,Schukat SN74HCT541N
lcsc,6,330R bias+ / 330R bias-,Resistor 330R 1206 5% (fail-safe bias),,,,,0.004 USD,,https://lcsc.com/product-detail/Chip-Resistor-Surface-Mount-UniOhm_390R-3900-1_C17655.html,390R exists only in 0805 (C17655) and fits the 1206 land by hand if needed
amazon,6,TVS bidir,"TVS bidirectional SMF12CA, SOD-123FL, 12 V standoff, 200 W",,,,,approx. 8-10 EUR / 50 pcs,,https://www.amazon.com/Pcs-TVS-Diode-Bidirectional-Vrwm/dp/B0CNK4R5SC,"50 x SMF12CA, bidirectional, SOD-123FL"
amazon,6,TVS bidir,"TVS bidirectional SMF12CA, SOD-123FL, 12 V standoff, 200 W",,,,,approx. 15-20 EUR,,https://www.amazon.com/Values-SOD-123-Bi-Directional-Surface-Protection/dp/B0C5SLJQBB,"SMF 200W SOD-123 TVS kit, 20 values x 10 pcs, bidirectional"
lcsc,6,TVS bidir,"TVS bidirectional SMF12CA, SOD-123FL, 12 V standoff, 200 W",,,,,approx. 0.19 EUR ea,,https://www.lcsc.com/product-detail/C1851360.html,"Littelfuse SMF12CA, brand part, 1265 pcs"
amazon,1,12-24V -> 5V buck,"DC-DC step-down to 5 V, adjustable, 1 A or more",,,,,approx. 1.50 EUR ea,,https://www.amazon.com/HiLetgo-MP1584EN-Adjustable-Module-Effect/dp/B00LTQU4EQ,HiLetgo 5x MP1584EN Mini Buck
amazon,1,12-24V -> 5V buck,"DC-DC step-down to 5 V, adjustable, 1 A or more",,,,,approx. 1.50-2 EUR ea,,https://www.amazon.com/Rakstore-MP1584EN-Adjustable-Converter-Arduino/dp/B09J4KH116,Rakstore 4x MP1584 Step-Down
ebay,1,12-24V -> 5V buck,"DC-DC step-down to 5 V, adjustable, 1 A or more",,,,,approx. 1-2 EUR,,https://www.ebay.com/itm/165434363045,MP1584EN DC-DC Step Down 3A
aliexpress,1,12-24V -> 5V buck,"DC-DC step-down to 5 V, adjustable, 1 A or more",,,,,approx. 0.40-0.80 EUR ea,,https://www.aliexpress.us/item/3256807294351325.html,MP1584EN 5/10 pcs adjustable
aliexpress,1,12-24V -> 5V buck,"DC-DC step-down to 5 V, adjustable, 1 A or more",,,,,approx. 0.50 EUR ea,,https://www.aliexpress.us/item/3256803643955109.html,"MP1584 DC-DC 3A Buck, 10 pcs"
amazon,1,ESP32-S3 N16R8,"ESP32-S3-DevKitC-1 N16R8, USB-C, two ports",,,,,approx. 9-12 EUR ea,,https://www.amazon.com/DIYmall-ESP32-S3-DevKitC-1-N8R8-Development-ESP32-S3-WROOM-1-Module/dp/B0BSCXHB5S,DIYmall 2x ESP32-S3-DevKitC-1 N16R8
amazon,1,ESP32-S3 N16R8,"ESP32-S3-DevKitC-1 N16R8, USB-C, two ports",,,,,approx. 10-14 EUR,,https://www.amazon.com/YEJMKJ-ESP32-S3-DevKitC-1-N16R8-Development-ESP32-S3-WROOM-1-Microcontroller/dp/B0CDRM6BGQ,YEJMKJ ESP32-S3-DevKitC-1-N16R8 Dual Type-C
amazon,1,ESP32-S3 N16R8,"ESP32-S3-DevKitC-1 N16R8, USB-C, two ports",,,,,approx. 8-11 EUR ea,,https://www.amazon.com/ESP32-S3-DevKitC-1-N16R8-Development-Integrated-ESP32-S3-WROOM-1-Microcontroller/dp/B0DKF4DSQ4,"3x ESP32-S3-DevKitC-1-N16R8, Dual Type-C"
aliexpress,1,ESP32-S3 N16R8,"ESP32-S3-DevKitC-1 N16R8, USB-C, two ports",,,,,approx. 6-9 EUR,,https://de.aliexpress.com/w/wholesale-ESP32-S3-DevKitC-1-N16R8.html,ESP32-S3-DevKitC-1 N16R8
ebay,1,ESP32-S3 N16R8,"ESP32-S3-DevKitC-1 N16R8, USB-C, two ports",,,,,approx. 8-13 EUR,,https://www.ebay.de/sch/i.html?_nkw=ESP32-S3+DevKitC-1+N16R8,ESP32-S3 DevKitC-1 N16R8
amazon,3,MAX3485 DMXn,"MAX3485 TTL to RS-485 module, 3.3 V, with enable pin",,,,,approx. 2-3 EUR ea,,https://www.amazon.com/MusRock-MAX3485-Transceiver-Unidirectional-Compact/dp/B0FTFXT876,MusRock 5x MAX3485 TTL-RS485
amazon,3,MAX3485 DMXn,"MAX3485 TTL to RS-485 module, 3.3 V, with enable pin",,,,,approx. 3 EUR,,https://www.amazon.com/MAX3485-Module-RS485-Development-Accessories/dp/B0DBGPC9B3,MAX3485 module TTL zu RS485
ebay,3,MAX3485 DMXn,"MAX3485 TTL to RS-485 module, 3.3 V, with enable pin",,,,,approx. 2 EUR ea,,https://www.ebay.com/itm/225626333704,5x MAX3485 TTL-RS485 3.0-3.6V
ebay,3,MAX3485 DMXn,"MAX3485 TTL to RS-485 module, 3.3 V, with enable pin",,,,,approx. 2-3 EUR,,https://www.ebay.com/itm/122285209187,UART TTL zu RS485 Konverter 3.3V/5V
aliexpress,3,MAX3485 DMXn,"MAX3485 TTL to RS-485 module, 3.3 V, with enable pin",,,,,approx. 0.80-1.50 EUR,,https://www.aliexpress.us/item/3256809536271896.html,MAX3485 MAX485 RS485 Transceiver 3.3V/5V
aliexpress,3,MAX3485 DMXn,"MAX3485 TTL to RS-485 module, 3.3 V, with enable pin",,,,,approx. 1-2 EUR,,https://de.aliexpress.com/item/1005006007545162.html,MAX3485/MAX13487 TTL zu RS485
amazon,1,OLED SDA/SCL/VCC/GND,"1.3"" OLED, SH1106, I2C, 4 pins",,,,,approx. 6-9 EUR,,https://www.amazon.de/s?k=1.3+inch+OLED+I2C+SH1106+128x64,"1.3"" OLED I2C SH1106 128x64"
aliexpress,1,OLED SDA/SCL/VCC/GND,"1.3"" OLED, SH1106, I2C, 4 pins",,,,,approx. 2-4 EUR,,https://de.aliexpress.com/w/wholesale-1.3-inch-OLED-SH1106-IIC.html,1.3 inch OLED SH1106 IIC
ebay,1,OLED SDA/SCL/VCC/GND,"1.3"" OLED, SH1106, I2C, 4 pins",,,,,approx. 4-7 EUR,,https://www.ebay.de/sch/i.html?_nkw=1.3+OLED+SH1106+I2C,1.3 inch OLED SH1106 I2C
amazon,1,USR-ES1 W5500,"W5500 Ethernet, SPI, 3.3 V",,,,,approx. 9-12 EUR,,https://www.amazon.de/USR-ES1-W5500-Chip-Ethernet-Converter/dp/B07RGLN436,TECNOIOT USR-ES1 W5500 (amazon.de)
amazon,1,USR-ES1 W5500,"W5500 Ethernet, SPI, 3.3 V",,,,,approx. 8-11 EUR,,https://www.amazon.com/DEVMO-USR-ES1-W5500-Ethernet-Converter/dp/B07T4YHP7Q,DEVMO USR-ES1 W5500
aliexpress,1,USR-ES1 W5500,"W5500 Ethernet, SPI, 3.3 V",,,,,approx. 4-6 EUR,,https://de.aliexpress.com/item/1005006061643080.html,USR-ES1 W5500 SPI zu LAN
aliexpress,1,USR-ES1 W5500,"W5500 Ethernet, SPI, 3.3 V",,,,,approx. 4-7 EUR,,https://de.aliexpress.com/item/1005001430749467.html,"USR-ES1 W5500, 1-5 pcs"
ebay,1,USR-ES1 W5500,"W5500 Ethernet, SPI, 3.3 V",,,,,approx. 6-9 EUR,,https://www.ebay.de/sch/i.html?_nkw=USR-ES1+W5500,USR-ES1 W5500 Ethernet module
